Models,IoU,Pixel Acc.,Inference Speed (ms)
vgg-5-32s, 0.7042550001149911, 0.8318550179977764, 1.1441281863621302
vgg-11-32s, 0.6906296827042802, 0.8181679612560548, 1.3850501605442591
vgg-11-32s-bn, 0.6939397410041475, 0.7816657214460534, 2.1664415087018694
vgg-5-16s, 0.8721855318408706, 0.9411830942437044, 1.38516936983381
vgg-11-16s, 0.8766802137221631, 0.9449877170882109, 1.4549153191702706
vgg-11-16s-bn, 0.884070147860938, 0.9454398149988635, 2.270545278276716
vgg-5-8s, 0.9107640791749291, 0.9562741988409494, 1.3864551271711076
vgg-11-8s, 0.9099257991185761, 0.9554657882444694, 1.725452286856515
vgg-11-8s-bn, 0.915793553724842, 0.9576540904615792, 2.439549991062709